status,part,type,journal,year,volume_issue_pages,first_author,title,design,evidence_note,pmid,doi,fulltext
read,eye_upper,recent,Aesthetic Plast Surg,2026,50(5):1717-1724,Rojanasakul,Role of Orbicularis Oculi Resection in External Levator Advancement for Aponeurotic Blepharoptosis: A Prospective Randomised Controlled Trial,RCT n=20 (40 eyes) single center,GRADE low-very low,41575571,10.1007/s00266-026-05617-5,uploaded PDF + PMC13008993
read,anatomy,landmark,Plast Reconstr Surg,2007,119(7):2219-2227,Rohrich,The fat compartments of the face: anatomy and clinical implications for cosmetic surgery,cadaver study 30 hemifaces,anatomical study,17519724,10.1097/01.prs.0000265403.66886.54,need PDF
read,toxin_safety,recent,Aesthet Surg J,2022,42(5):NP327-NP336,Zargaran,Complications of Cosmetic Botulinum Toxin A Injections to the Upper Face: A Systematic Review and Meta-Analysis,SR/MA 24 RCTs,GRADE low (pooled rate); placebo 12% message moderate; ptosis not separated,35178552,10.1093/asj/sjac036,PMC9005453
reading,filler_safety,landmark,Dermatol Surg,2015,41(10):1097-1117,Beleznay,Avoiding and Treating Blindness From Fillers: A Review of the World Literature,literature review 98 cases,,26356847,10.1097/DSS.0000000000000486,need PDF
queued_wk1_optional,filler_safety,recent,Aesthetic Plast Surg,2026,50(6):2300-2317,Alhusain,Hyaluronidase Protocol in Management of Hyaluronic Acid Filler-Related Vascular Complications: A Systematic Review and Meta-Analysis,SR/MA 21 studies n=231,,41249530,10.1007/s00266-025-05431-5,need PDF
backlog,eye_upper,landmark,Ophthalmic Surg,1978,9(3):27-32,Putterman,Mullers muscle-conjunctival resection ptosis procedure,technique report,original MMCR report,400835,,need PDF
backlog,eye_upper,landmark,Ophthalmic Plast Reconstr Surg,2000,16(2):94-100,Brown,The effect of upper blepharoplasty on eyelid position when performed concomitantly with Muller muscle-conjunctival resection,retrospective comparative 345 eyelids,,10749155,10.1097/00002341-200003000-00003,need PDF
backlog,eye_upper,landmark,Ophthalmic Plast Reconstr Surg,2010,26(5):360-364,Marcet,Surgical microanatomy of the Muller muscle-conjunctival resection ptosis procedure,cadaver histology,,20622700,10.1097/IOP.0b013e3181cb79a2,need PDF
backlog,eye_upper,recent,Aesthetic Plast Surg,2023,47(4):1394-1409,Liu,Brow Position Change and its Potential Risk Factors Following Upper Blepharoplasty: A Systematic Review and Meta-Analysis,SR/MA 17 studies,,36890345,10.1007/s00266-023-03288-0,need PDF
backlog,eye_lower,landmark,Plast Reconstr Surg,1998,102(7):2459-2465,Parsa,Lower eyelid hernia repair for palpebral bags: a comparative study,prospective split-lid 26 patients,,9858187,10.1097/00006534-199812000-00032,need PDF
backlog,eye_lower,recent,Aesthet Surg J,2021,41(8):NP1053-NP1060,Gorbea,Nonsurgical Tear Trough Volumization: A Systematic Review of Patient Satisfaction,SR 28 articles n=1956,,33693530,10.1093/asj/sjab116,need PDF
backlog,facelift,recent,Plast Reconstr Surg,2021,147(6):1297-1309,Cason,Perioperative Approach to Reducing Hematoma during Rhytidectomy: What Does the Evidence Show?,SR 48 articles,mostly Level III-IV,33974595,10.1097/PRS.0000000000007943,need PDF
backlog,facelift,landmark,Plast Reconstr Surg,2015,136(2):239-242,Sinno,Face-Lift Satisfaction Using the FACE-Q,retrospective survey n=53 (response 50.5%),Level IV,25909302,10.1097/PRS.0000000000001412,need PDF
backlog,facelift,recent,Plast Reconstr Surg,2025,155(5):783-794,Pascali,Temporal Modified Orbicularis Repositioning: Going beyond the Limits of Temporal Lifting,case series n=212,Level IV,39288448,10.1097/PRS.0000000000011752,need PDF
backlog,facelift,recent,Aesthetic Plast Surg,2020,45(3):1012-1019,Barone,Midface Lift Plus Lipofilling Preferential in Patients with Negative Lower Eyelid Vectors: A Randomized Controlled Trial,RCT n=56,,32964282,10.1007/s00266-020-01971-0,need PDF
backlog,facelift,recent,Plast Reconstr Surg,2017,139(2):295-307,Rohrich,The Modern Male Rhytidectomy: Lessons Learned,retrospective cohort 83 vs 83,Level IV,28125532,10.1097/PRS.0000000000003008,need PDF
backlog,anatomy,recent,Aesthet Surg J,2021,41(2):143-151,Ramesh,Gravity in Midfacial Aging: A 3-Dimensional Study,prospective 3D photography n=53,,31974554,10.1093/asj/sjaa021,need PDF
backlog,thread,recent,Aesthetic Plast Surg,2026,50(17):6838-6849,Jia,Absorbable Micro-Aesthetic Lifting Thread for Nasolabial Fold Correction: A Multicenter Randomized Evaluator-Blinded Parallel-Controlled Clinical Trial,RCT n=151 non-inferiority,,42380313,10.1007/s00266-026-06099-1,need PDF
backlog,thread,recent,Dermatol Surg,2025,51(5):509-514,Riopelle,Update on Absorbable Facial Thread Lifts,SR 12 studies n=818,long-term data lacking,39662017,10.1097/DSS.0000000000004521,need PDF
backlog,thread,recent,Clin Cosmet Investig Dermatol,2026,19:613245,Leguina-Ruzzi,VectorLift: Anatomically Guided Thread-Lifting Technique ... Real-World Non-Randomized Comparative Study,non-randomized n=44,low,42299445,10.2147/CCID.S613245,PMC13264998
backlog,safety_multi,recent,Oral Dis,2026,32(2):384-394,Cruz,Adverse Events in Nonsurgical Facial Aesthetic Procedures: A Systematic Review and Meta-Analysis,SR/MA 42 studies,,41047572,10.1111/odi.70109,PMC13077022
backlog,filler_safety,landmark,Aesthet Surg J,2019,39(6):662-674,Beleznay,Update on Avoiding and Treating Blindness From Fillers: A Recent Review of the World Literature,review 48 new cases,,30805636,10.1093/asj/sjz053,need PDF
backlog,toxin,recent,Aesthet Surg J,2024,44(12):1330-1340,Shridharani,Efficacy and Safety of RelabotulinumtoxinA READY-1 phase 3 RCT in glabellar lines,RCT n=297 industry sponsored (check),,38913088,10.1093/asj/sjae131,PMC11566037
backlog,toxin,recent,Aesthetic Plast Surg,2024,48(18):3669-3680,Salem,Different Dilutions of Mesobotox in Facial Rejuvenation: Which is Better?,RCT n=30,,38714537,10.1007/s00266-024-04029-7,PMC11455663
backlog,toxin,recent,Plast Reconstr Surg,2024,153(4):711e-721e,Gong,Application of Botulinum Toxin at the Yonsei Point for the Treatment of Gummy Smile: A Randomized Controlled Trial,RCT n=49,,37166037,10.1097/PRS.0000000000010623,need PDF
backlog,eye_upper,recent,Int Ophthalmol,2026,46(1),Poslu Karademir,The effect of compression dressing on postoperative outcomes after upper eyelid blepharoplasty: a randomized controlled observer-blinded evaluation study,RCT split-eyelid 56 patients,,42711437,10.1007/s10792-026-04233-1,need PDF
backlog_related_IDEA001,facelift,landmark,Plast Reconstr Surg,1992,89(5):822-833,Mendelson,Correction of the nasolabial fold: extended SMAS dissection with periosteal fixation,personal series n=135,,1561253,,need PDF
backlog_related_IDEA001,facelift,landmark,Plast Reconstr Surg,1992,89(6):1054-1057,Barton,The SMAS and the nasolabial fold,histology and dissection,,1584866,,need PDF
backlog_related_IDEA001,facelift,recent,Ann Plast Surg,2004,52(4):353-357,Mowlavi,The extended SMAS facelift: identifying the lateral zygomaticus major muscle border using bony anatomic landmarks,cadaver 13 heads,,15084877,10.1097/01.sap.0000099712.80882.6b,need PDF
backlog_related_IDEA001,facelift,recent,Facial Plast Surg,2022,38(6):540-545,Kaya,Facelift Techniques: An Overview,overview,,35709719,10.1055/a-1877-9371,need PDF
backlog_related_IDEA001,facelift,recent,Plast Reconstr Surg,2024,153(6):1084e-1091e,Kim,Modified Deep-Plane Face Lift and Lower Midface Lifting Using Deep Fat Compartment Mobilization and Zygomaticus Major Muscle Plication,retrospective n=632 single surgeon,Level III,37184450,10.1097/PRS.0000000000010642,need PDF
backlog_related_IDEA001,facelift,recent,Aesthet Surg J,2023,43(9):941-954,Minelli,Lifting the Anterior Midcheek and Nasolabial Fold: Introduction to the Melo Fat Pad Anatomy and Its Role in Longevity and Recurrence,cadaver 50 heads,,37130080,10.1093/asj/sjad126,PMC10481114
backlog_related_IDEA001,facelift,recent,J Craniofac Surg,2019,30(8):2632-2634,Choi,Comparison of Hamras and Mendelsons Models of Midface Lift,literature comparison,,31592846,10.1097/SCS.0000000000005884,need PDF
queued_topic_midcheek,filler,recent,Dermatol Surg,2021,47(2):e47-e52,Du,Anatomic Characteristics and Treatment of the Midcheek Groove by Deep Filling,cadaver 6 hemifaces + clinical n=34 no control mentioned,,32852427,10.1097/DSS.0000000000002741,need PDF
queued_topic_midcheek,filler,recent,JPRAS Open,2025,48:626-637,Hong,Anatomical-based filler injection techniques for the midcheek groove and infraorbital region: Narrative review,narrative review,expert-opinion level,41583410,10.1016/j.jpra.2025.12.014,PMC12828540 (read)
queued_topic_midcheek,anatomy,landmark,Clin Plast Surg,2008,35(3):395-404,Mendelson,Surgical anatomy of the midcheek: facial layers spaces and the midcheek segments,review,,18558234,10.1016/j.cps.2008.02.003,need PDF
queued_topic_midcheek,eye_lower,landmark,Plast Reconstr Surg,2013,132(4):796-808,Yang,Tear trough and palpebromalar groove in young versus elderly adults: a sectional anatomy study,cadaver 20 elderly + 16 young hemifaces,,24076672,10.1097/PRS.0b0133182a0539e,need PDF
queued_topic_midcheek,filler,recent,Plast Reconstr Surg Glob Open,2020,8(6):e2876,Bagci,A New Approach in the Correction of the Midcheek Groove: The Liquid Malar-lift Technique,technique report,,32766043,10.1097/GOX.0000000000002876,PMC7339370
queued_topic_midcheek,filler,recent,Aesthetic Plast Surg,2024,49(8):2202-2210,Liu,Efficacy and Safety of Hyaluronic Acid Combined with Botulinum Toxin Type A in the Treatment of Midcheek Groove: A Prospective Study,prospective single-arm n=36,,39511023,10.1007/s00266-024-04440-0,need PDF
queued_topic_midcheek,thread,recent,J Craniofac Surg,2025,online,Yi,Volumizing Thread (Sihler Volume Thread) Technique for Infraorbital Hollowness and Midcheek Groove,case series n=3,,40627064,10.1097/SCS.0000000000011571,need PDF
queued_topic_midcheek,facelift,recent,Dermatol Surg,2024,50(7):643-649,Chen,Suture Net Technique for Mid-face Superficial Fat Compartments Restoration,retrospective case series n=102,,38470987,10.1097/DSS.0000000000004160,need PDF
queued_topic_midcheek,eye_lower,recent,Dermatol Surg,2022,48(6):653-658,Cheng,Comprehensive Evaluation of the Lower Eyelid Aging Process Among Asian Women,cross-sectional rating n=114 (CLEARS),,35316251,10.1097/DSS.0000000000003425,need PDF
queued_topic_midcheek,anatomy,recent,Plast Reconstr Surg,2016,138(1):59-64,Surek,Deep Pyriform Space: Anatomical Clarifications and Clinical Implications,cadaver 12 hemifaces,,27348640,10.1097/PRS.0000000000002262,need PDF
queued_topic_midcheek,eye_lower,recent,Plast Reconstr Surg,2017,139(1):139e-150e,Hashem,Evidence-Based Medicine: A Graded Approach to Lower Lid Blepharoplasty,review,,28027251,10.1097/PRS.0000000000002849,need PDF
queued_IDEA006,anatomy,landmark,Plast Reconstr Surg,2000,106(2):479-488,Pessa,An algorithm of facial aging: verification of Lambross theory by three-dimensional stereolithography...,3D skull models n=12 (young vs old men),,10946949,10.1097/00006534-200008000-00040,need PDF
queued_IDEA006,anatomy,recent,Plast Reconstr Surg,2018,141(6):1351-1359,Schenck,The Functional Anatomy of the Superficial Fat Compartments of the Face: A Detailed Imaging Study,fresh cadavers n=30 upright CT/MRI,,29750762,10.1097/PRS.0000000000004364,need PDF
queued_IDEA006,anatomy,recent,Ann Chir Plast Esthet,2006,51(2):99-121,Le Louarn,Facial rejuvenation and concentric malar lift: the FACE RECURVE concept,concept paper (French),expert opinion,16530316,10.1016/j.anplas.2005.12.016,need PDF
queued_IDEA006,anatomy,recent,Biomech Model Mechanobiol,2005,4(2-3):178-189,Mazza,Nonlinear elastic-viscoplastic constitutive equations for aging facial tissues,finite element simulation,modeling,16096833,10.1007/s10237-005-0074-y,need PDF
queued_IDEA007,anatomy,recent,Dermatol Surg,2020,46(8):e16-e22,Cotofana,Anatomy Behind the Facial Overfilled Syndrome: The Transverse Facial Septum,volunteers n=25 + cadavers n=72,,31688233,10.1097/DSS.0000000000002236,need PDF
queued_IDEA007,filler,recent,Plast Reconstr Surg,2022,149(6):1326-1336,Trevidic,Midface Multilayering Filler Injection Technique: Understanding of the Dynamic Facial Anatomy Through a Smiling Cadavers Anatomical Study,cadaver 24 hemifaces + 130 patients proof-of-concept no control,,35383717,10.1097/PRS.0000000000009158,need PDF
queued_IDEA007,filler,recent,Insights Imaging,2017,8(6):557-572,Mundada,Injectable facial fillers: imaging features complications and diagnostic pitfalls at MRI and PET CT,review,,28980212,10.1007/s13244-017-0575-0,PMC5707222
queued_IDEA007,filler,recent,Aesthetic Plast Surg,2020,45(3):1221-1230,Abramo,Effectiveness and Long-Acting of the Hyaluronic Acid Injected into the Nasolabial Fold Measured Through Magnetic Resonance Imaging,case series n=20 NLF MRI,,33230693,10.1007/s00266-020-02050-0,need PDF
